[
    {
        "id": 1,
        "first_name": "Winnah",
        "last_name": "Olman",
        "email": "wolman0@ocn.ne.jp",
        "password": "zI5!90Te",
        "confirm_password": "dL3.7J+S?jtq",
        "mobile": 5
    },
    {
        "id": 2,
        "first_name": "Igor",
        "last_name": "Charnley",
        "email": "icharnley1@blogtalkradio.com",
        "password": "sI5\\t5e<uo+",
        "confirm_password": "xT9/q|B\"+W",
        "mobile": 3
    },
    {
        "id": 3,
        "first_name": "Devinne",
        "last_name": "Keward",
        "email": "dkeward2@fda.gov",
        "password": "jS6+\\M~hQ",
        "confirm_password": "lV6(UBYfTor",
        "mobile": 6
    },
    {
        "id": 4,
        "first_name": "Kathye",
        "last_name": "Doring",
        "email": "kdoring3@ebay.com",
        "password": "kL9~.0<#",
        "confirm_password": "lD9{</uSt*",
        "mobile": 1
    },
    {
        "id": 5,
        "first_name": "Mort",
        "last_name": "Cunnow",
        "email": "mcunnow4@eepurl.com",
        "password": "lF5>ZS9OH{PDJV5",
        "confirm_password": "zS0\\FU_.3Lo&n92)",
        "mobile": 9
    }
]